Title,Price,Ratings,Reviews,Availability,Link
"Amazon Basics 27 Inch Monitor Powered with AOC Technology, FHD 1080P, 75hz, VESA Compatible, Built-in Speakers",$164.99,4.5,98,In Stock,https://amazon.com/gp/slredirect/picassoRedirect.html/ref=pa_sp_atf_aps_sr_pg1_1?ie=UTF8&adId=A05981621AHVRDIRD7MOP&qualifier=1678567658&id=2850809562111316&widgetName=sp_atf&url=%2FAmazon-Basics-75hz-Panel-Monitor%2Fdp%2FB08WJ3GYC9%2Fref%3Dsr_1_1_sspa%3Fcrid%3D285CHRYI51VOQ%26keywords%3DMonitor%26qid%3D1678567658%26sprefix%3Dmonitor%252Caps%252C110%26sr%3D8-1-spons%26psc%3D1
"KOORUI 24 Inch Computer Monitor Full HD 1920 x 1080p VA Display 75Hz 3000:1 Contrast Ratio with HDMI, VGA, Frameless, 75 x 75 mm VESA Mountable, Ergonomic Tilt, Black",$95.99,4.3,"2,",,https://amazon.com/gp/slredirect/picassoRedirect.html/ref=pa_sp_atf_aps_sr_pg1_1?ie=UTF8&adId=A092864412HYQKCO469SB&qualifier=1678567658&id=2850809562111316&widgetName=sp_atf&url=%2FKOORUI-Business-Computer-Monitor-Display%2Fdp%2FB09VD9P2Q3%2Fref%3Dsr_1_2_sspa%3Fcrid%3D285CHRYI51VOQ%26keywords%3DMonitor%26qid%3D1678567658%26sprefix%3Dmonitor%252Caps%252C110%26sr%3D8-2-spons%26psc%3D1
"Sceptre 20"" 1600 x 900 75Hz LED Monitor 2x HDMI VGA Built-in Speakers, sRGB 99% Machine Black (E209W-16003RT series)",$67.97,4.5,25,In Stock,https://amazon.com/Sceptre-Monitor-1600x900-Speakers-Metallic/dp/B078HMK7S3/ref=sr_1_3?crid=285CHRYI51VOQ&keywords=Monitor&qid=1678567658&sprefix=monitor%2Caps%2C110&sr=8-3
"Sceptre 24"" Professional Thin 75Hz 1080p LED Monitor 2x HDMI VGA Build-in Speakers, Machine Black (E248W-19203R Series)",$99.97,4.6,25,In Stock,https://amazon.com/Sceptre-E248W-19203R-Monitor-Speakers-Metallic/dp/B0773ZY26F/ref=sr_1_4?crid=285CHRYI51VOQ&keywords=Monitor&qid=1678567658&sprefix=monitor%2Caps%2C110&sr=8-4
"Acer 21.5 Inch Full HD (1920 x 1080) IPS Ultra-Thin Zero Frame Computer Monitor (HDMI & VGA Port), SB220Q bi",$88.68,4.6,41,In Stock,https://amazon.com/Acer-SB220Q-Ultra-Thin-Frame-Monitor/dp/B07CVL2D2S/ref=sr_1_5?crid=285CHRYI51VOQ&keywords=Monitor&qid=1678567658&sprefix=monitor%2Caps%2C110&sr=8-5
"KOORUI 24 Inch Computer Monitor Full HD 1920 x 1080p VA Display 75Hz 3000:1 Contrast Ratio with HDMI, VGA, Frameless, 75 x 75 mm VESA Mountable, Ergonomic Tilt, Black",$95.99,4.3,"2,",,https://amazon.com/gp/slredirect/picassoRedirect.html/ref=pa_sp_search_thematic_aps_sr_pg1_1?ie=UTF8&adId=A0386213ENCVHH0EU3BV&qualifier=1678567658&id=3080439442556181&widgetName=sp_search_thematic&url=%2FKOORUI-Business-Computer-Monitor-Display%2Fdp%2FB09VD9P2Q3%2Fref%3Dsxin_14_pa_sp_search_thematic_sspa%3Fcontent-id%3Damzn1.sym.7d3565f6-486c-4f98-bc2a-f2305ada855d%253Aamzn1.sym.7d3565f6-486c-4f98-bc2a-f2305ada855d%26crid%3D285CHRYI51VOQ%26cv_ct_cx%3DMonitor%26keywords%3DMonitor%26pd_rd_i%3DB09VD9P2Q3%26pd_rd_r%3D6ee3d68a-b75a-46b1-8e0f-5f01290060c4%26pd_rd_w%3DRzpsE%26pd_rd_wg%3DYe10o%26pf_rd_p%3D7d3565f6-486c-4f98-bc2a-f2305ada855d%26pf_rd_r%3DPYP3P3CET8AED929N5Y6%26qid%3D1678567658%26sbo%3DRZvfv%252F%252FHxDF%252BO5021pAnSA%253D%253D%26sprefix%3Dmonitor%252Caps%252C110%26sr%3D1-1-a43b4223-fbe9-48b0-af69-6d70cf84978b-spons%26psc%3D1
"KOORUI 27 Inch FHD Monitor, Computer Monitors Full HD(1920 x 1080p) IPS Display 75Hz, HDMI, VGA, 5ms Response Time, 75 x 75 mm VESA Mountable, Frameless",$139.99,4.4,67,In Stock,https://amazon.com/gp/slredirect/picassoRedirect.html/ref=pa_sp_search_thematic_aps_sr_pg1_2?ie=UTF8&adId=A0161704267QJOZ275AYR&qualifier=1678567658&id=3080439442556181&widgetName=sp_search_thematic&url=%2FKOORUI-27-Inch-Monitor-Computer%2Fdp%2FB0B3DS23NB%2Fref%3Dsxin_14_pa_sp_search_thematic_sspa%3Fcontent-id%3Damzn1.sym.7d3565f6-486c-4f98-bc2a-f2305ada855d%253Aamzn1.sym.7d3565f6-486c-4f98-bc2a-f2305ada855d%26crid%3D285CHRYI51VOQ%26cv_ct_cx%3DMonitor%26keywords%3DMonitor%26pd_rd_i%3DB0B3DS23NB%26pd_rd_r%3D6ee3d68a-b75a-46b1-8e0f-5f01290060c4%26pd_rd_w%3DRzpsE%26pd_rd_wg%3DYe10o%26pf_rd_p%3D7d3565f6-486c-4f98-bc2a-f2305ada855d%26pf_rd_r%3DPYP3P3CET8AED929N5Y6%26qid%3D1678567658%26sbo%3DRZvfv%252F%252FHxDF%252BO5021pAnSA%253D%253D%26sprefix%3Dmonitor%252Caps%252C110%26sr%3D1-2-a43b4223-fbe9-48b0-af69-6d70cf84978b-spons%26psc%3D1
"GTEK 24 Inch 75Hz Frameless Computer Monitor, FHD 1080p LED Display, LCD Screen, HDMI VGA, Refresh Rate, VESA Mountable - F2407V",$94.87,4.6,15,In Stock,https://amazon.com/gp/slredirect/picassoRedirect.html/ref=pa_sp_search_thematic_aps_sr_pg1_3?ie=UTF8&adId=A065157713RQUKTX3AO0D&qualifier=1678567658&id=3080439442556181&widgetName=sp_search_thematic&url=%2FGTEK-Frameless-Computer-Monitor-Mountable%2Fdp%2FB09SNQ6KQ1%2Fref%3Dsxin_14_pa_sp_search_thematic_sspa%3Fcontent-id%3Damzn1.sym.7d3565f6-486c-4f98-bc2a-f2305ada855d%253Aamzn1.sym.7d3565f6-486c-4f98-bc2a-f2305ada855d%26crid%3D285CHRYI51VOQ%26cv_ct_cx%3DMonitor%26keywords%3DMonitor%26pd_rd_i%3DB09SNQ6KQ1%26pd_rd_r%3D6ee3d68a-b75a-46b1-8e0f-5f01290060c4%26pd_rd_w%3DRzpsE%26pd_rd_wg%3DYe10o%26pf_rd_p%3D7d3565f6-486c-4f98-bc2a-f2305ada855d%26pf_rd_r%3DPYP3P3CET8AED929N5Y6%26qid%3D1678567658%26sbo%3DRZvfv%252F%252FHxDF%252BO5021pAnSA%253D%253D%26sprefix%3Dmonitor%252Caps%252C110%26sr%3D1-3-a43b4223-fbe9-48b0-af69-6d70cf84978b-spons%26psc%3D1
Upperizon Portable Monitor 15.6inch 1080P FHD HDR USB-C Portable Screen Dual Type-C Mini HDMI IPS FreeSync Computer Display with Speakers for Laptop PC Mac Surface Xbox Switch PS4/PS5 with Cover,$99.99,4.8,35,In Stock,https://amazon.com/gp/slredirect/picassoRedirect.html/ref=pa_sp_search_thematic_aps_sr_pg1_4?ie=UTF8&adId=A01325292FMGMS1888TGM&qualifier=1678567658&id=3080439442556181&widgetName=sp_search_thematic&url=%2FPortable-Monitor-15-6-FreeSync-Computer-Speakers%2Fdp%2FB09H2LHFV5%2Fref%3Dsxin_14_pa_sp_search_thematic_sspa%3Fcontent-id%3Damzn1.sym.7d3565f6-486c-4f98-bc2a-f2305ada855d%253Aamzn1.sym.7d3565f6-486c-4f98-bc2a-f2305ada855d%26crid%3D285CHRYI51VOQ%26cv_ct_cx%3DMonitor%26keywords%3DMonitor%26pd_rd_i%3DB09H2LHFV5%26pd_rd_r%3D6ee3d68a-b75a-46b1-8e0f-5f01290060c4%26pd_rd_w%3DRzpsE%26pd_rd_wg%3DYe10o%26pf_rd_p%3D7d3565f6-486c-4f98-bc2a-f2305ada855d%26pf_rd_r%3DPYP3P3CET8AED929N5Y6%26qid%3D1678567658%26sbo%3DRZvfv%252F%252FHxDF%252BO5021pAnSA%253D%253D%26sprefix%3Dmonitor%252Caps%252C110%26sr%3D1-4-a43b4223-fbe9-48b0-af69-6d70cf84978b-spons%26psc%3D1
"Packard Bell AirFrame 24 inch 2 Pack Ultra Slim Bezel Desktop Monitor & 1 Wireless Keyboard and Mouse Combo FHD 1920 x 1080p, 75 Hz, 5 Ms, VESA Mounting, Tilt Adjustment, HDMI and VGA Home and Office",$259.99,4.1,38,In Stock,https://amazon.com/gp/slredirect/picassoRedirect.html/ref=pa_sp_search_thematic_aps_sr_pg1_5?ie=UTF8&adId=A04567111P03T2EKDOQMV&qualifier=1678567658&id=3080439442556181&widgetName=sp_search_thematic&url=%2FPackard-Bell-AirFrame-Wireless-Adjustment%2Fdp%2FB09PF8ZXFX%2Fref%3Dsxin_14_pa_sp_search_thematic_sspa%3Fcontent-id%3Damzn1.sym.7d3565f6-486c-4f98-bc2a-f2305ada855d%253Aamzn1.sym.7d3565f6-486c-4f98-bc2a-f2305ada855d%26crid%3D285CHRYI51VOQ%26cv_ct_cx%3DMonitor%26keywords%3DMonitor%26pd_rd_i%3DB09PF8ZXFX%26pd_rd_r%3D6ee3d68a-b75a-46b1-8e0f-5f01290060c4%26pd_rd_w%3DRzpsE%26pd_rd_wg%3DYe10o%26pf_rd_p%3D7d3565f6-486c-4f98-bc2a-f2305ada855d%26pf_rd_r%3DPYP3P3CET8AED929N5Y6%26qid%3D1678567658%26sbo%3DRZvfv%252F%252FHxDF%252BO5021pAnSA%253D%253D%26sprefix%3Dmonitor%252Caps%252C110%26sr%3D1-5-a43b4223-fbe9-48b0-af69-6d70cf84978b-spons%26psc%3D1
"Sceptre 20 inch LED Monitor 1600 x 900 HD+ 75Hz HDMI VGA Build-in Speakers, 99% sRGB Wall Mount Ready Black 2021 (E205W-16003RTT)",$66.97,4.2,41,In Stock,https://amazon.com/Sceptre-Monitor-Build-Speakers-E205W-16003RTT/dp/B094Q98VLR/ref=sr_1_6?crid=285CHRYI51VOQ&keywords=Monitor&qid=1678567658&sprefix=monitor%2Caps%2C110&sr=8-6
"KOORUI 24 Inch Computer Monitor, FHD 1920 x 1080p Office PC Monitor IPS Display 75Hz, HDMI, VGA, 75 x 75 mm VESA Mountable, Frameless, Eye Protection and Ergonomic Tilt Adjustment",$109.99,4.4,55,In Stock,https://amazon.com/gp/slredirect/picassoRedirect.html/ref=pa_sp_mtf_aps_sr_pg1_1?ie=UTF8&adId=A0301850OX1KCV1X5TJ6&qualifier=1678567658&id=2850809562111316&widgetName=sp_mtf&url=%2FKOORUI-24-Inch-Computer-Monitor%2Fdp%2FB0BW8K69VP%2Fref%3Dsr_1_7_sspa%3Fcrid%3D285CHRYI51VOQ%26keywords%3DMonitor%26qid%3D1678567658%26sprefix%3Dmonitor%252Caps%252C110%26sr%3D8-7-spons%26psc%3D1
"ASUS VP229HE 21.5” Monitor, 1080P Full HD, 75Hz, IPS, FreeSync/Adaptive-Sync, Eye Care, HDMI VGA, Frameless, VESA Wall Mountable, BLACK",$85.99,4.7,"5,",In Stock,https://amazon.com/ASUS-VP229HE-Adaptive-Sync-Frameless-Mountable/dp/B08CYGSF9M/ref=sr_1_8?crid=285CHRYI51VOQ&keywords=Monitor&qid=1678567658&sprefix=monitor%2Caps%2C110&sr=8-8
HP 27h Full HD Monitor - Diagonal - IPS Panel & 75Hz Refresh Rate - Smooth Screen - 3-Sided Micro-Edge Bezel - 100mm Height/Tilt Adjust - Built-in Dual Speakers - for Hybrid Workers,$132.99,4.6,"4,",In Stock,https://amazon.com/HP-27h-Full-Monitor-Built/dp/B0B6CYVXF7/ref=sr_1_9?crid=285CHRYI51VOQ&keywords=Monitor&qid=1678567658&sprefix=monitor%2Caps%2C110&sr=8-9
"Sceptre IPS 22 inch 1080p Gaming Monitor 75Hz HDMI x2 99% sRGB up to 320 Lux Blue Light Filter Build-in Speakers, Machine Black (E225W-FPT Series)",$77.97,4.5,11,In Stock,https://amazon.com/Sceptre-Monitor-Speakers-Machine-E225W-FPT/dp/B0B4Q16HBS/ref=sr_1_10?crid=285CHRYI51VOQ&keywords=Monitor&qid=1678567658&sprefix=monitor%2Caps%2C110&sr=8-10
"Dell 27 inch Monitor FHD (1920 x 1080) 16:9 Ratio with Comfortview (TUV-Certified), 75Hz Refresh Rate, 16.7 Million Colors, Anti-Glare Screen with 3H Hardness, Black - SE2722HX",$159.99,4.6,"1,",In Stock,https://amazon.com/Dell-inch-Monitor-1920-1080/dp/B096MYB1H1/ref=sr_1_11?crid=285CHRYI51VOQ&keywords=Monitor&qid=1678567658&sprefix=monitor%2Caps%2C110&sr=8-11
InnoView 24 Inch Monitor Computer Display 1080p Full HD Gaming Monitor 100HZ 4000:1 Contrast Ratio HDMI Ultra Thin Bezel 2W Built-in Speakers,$119.99,4.2,87,In Stock,https://amazon.com/gp/slredirect/picassoRedirect.html/ref=pa_sp_mtf_aps_sr_pg1_1?ie=UTF8&adId=A07337962DIQJ08XFFYY4&qualifier=1678567658&id=2850809562111316&widgetName=sp_mtf&url=%2FInnoView-Monitor-Computer-Display-Gaming%2Fdp%2FB0BD76GZG3%2Fref%3Dsr_1_12_sspa%3Fcrid%3D285CHRYI51VOQ%26keywords%3DMonitor%26qid%3D1678567658%26sprefix%3Dmonitor%252Caps%252C110%26sr%3D8-12-spons%26psc%3D1
"Gawfolk 24” Curved Monitor 75Hz Full HD 1080P, Computer Display with AMD FreeSync HDMI VGA PC Monitor Ultra-Thin Zero Frame- Machine Black",$84.99,4.4,17,In Stock,https://amazon.com/Gawfolk-Monitor-Display-FreeSync-Ultra-Thin/dp/B0B4W9SK4Z/ref=sr_1_13?crid=285CHRYI51VOQ&keywords=Monitor&qid=1678567658&sprefix=monitor%2Caps%2C110&sr=8-13
"CRUA 27"" 144hz/165HZ Curved Gaming Monitor, Full HD 1080P 1800R Frameless Computer Monitor, 1ms GTG with FreeSync, Low Motion Blur, Eye Care, VESA, DisplayPort, HDMI, Black",$159.99,4.3,"1,",In Stock,https://amazon.com/CRUA-Frameless-Computer-FreeSync-DisplayPort/dp/B09P7ZK4CJ/ref=sr_1_14?crid=285CHRYI51VOQ&keywords=Monitor&qid=1678567658&sprefix=monitor%2Caps%2C110&sr=8-14
"LG 27MP400-B 27” Full HD (1920 x 1080) IPS Display with 3-Side Virtually Borderless Design, AMD FreeSync and OnScreen Control – Black",$146.99,4.6,85,In Stock,https://amazon.com/LG-27MP400-B-Virtually-Borderless-FreeSync/dp/B097NXN7RF/ref=sr_1_15?crid=285CHRYI51VOQ&keywords=Monitor&qid=1678567658&sprefix=monitor%2Caps%2C110&sr=8-15
"LG 27MP400-B 27” Full HD (1920 x 1080) IPS Display with 3-Side Virtually Borderless Design, AMD FreeSync and OnScreen Control – Black",$146.99,4.6,85,In Stock,https://amazon.com/LG-27MP400-B-Virtually-Borderless-FreeSync/dp/B097NXN7RF/ref=sr_1_15?crid=285CHRYI51VOQ&keywords=Monitor&qid=1678567658&sprefix=monitor%2Caps%2C110&sr=8-15
"SAMSUNG 34-Inch SJ55W Ultrawide Gaming Monitor (LS34J550WQNXZA) – 75Hz Refresh, WQHD Computer Monitor, 3440 x 1440p Resolution, 4ms Response, FreeSync, Split Screen, HDMI, Black",$262.88,4.4,"2,",In Stock,https://amazon.com/Samsung-S34J55W-34-Inch-Ultrawide-LS34J550WQNXZA/dp/B07FBS36W2/ref=sr_1_16?crid=285CHRYI51VOQ&keywords=Monitor&qid=1678567658&sprefix=monitor%2Caps%2C110&sr=8-16
"WAVLINK USB 3.0 Universal Laptop Docking Station Dual Monitor HD 4K Display with 65W Charging, Dual 4K@60Hz Display for Windows, MacOS, ChromeOS, Ubuntu 20.04,22.0 (2 DP& 2 HDMI, 5 USB 3.0, LAN)",$189.86,4.4,"2,",In Stock,https://amazon.com/gp/slredirect/picassoRedirect.html/ref=pa_sp_mtf_aps_sr_pg1_1?ie=UTF8&adId=A08357063ES7FPB7JLO22&qualifier=1678567658&id=2850809562111316&widgetName=sp_mtf&url=%2FWAVLINK-Universal-Docking-Station-Display%2Fdp%2FB08JCJKF1M%2Fref%3Dsr_1_17_sspa%3Fcrid%3D285CHRYI51VOQ%26keywords%3DMonitor%26qid%3D1678567658%26sprefix%3Dmonitor%252Caps%252C110%26sr%3D8-17-spons%26psc%3D1
"SAMSUNG 34” ViewFinity S6 Series 4K UHD High Resolution Monitor, IPS Panel, 100Hz, HDR 10, Height Adjustable Stand, LS34A650UBNXGO, Black",$499.99,4.1,14,In Stock,https://amazon.com/SAMSUNG-ViewFinity-Resolution-Adjustable-LS34A650UBNXGO/dp/B0BF7DSGWC/ref=sr_1_18?crid=285CHRYI51VOQ&keywords=Monitor&qid=1678567658&sprefix=monitor%2Caps%2C110&sr=8-18
"ASUS VA24EHE 23.8” Monitor 75Hz Full HD (1920x1080) IPS Eye Care HDMI D-Sub DVI-D,Black",$105.90,4.7,"3,",In Stock,https://amazon.com/ASUS-VA24EHE-Monitor-1920x1080-D-Sub/dp/B07Z8TC28F/ref=sr_1_19?crid=285CHRYI51VOQ&keywords=Monitor&qid=1678567658&sprefix=monitor%2Caps%2C110&sr=8-19
Lenovo L27m-30-2022 - Everyday Monitor - 27 Inch FHD - 75 Hz - AMD FreeSync - Low Blue Light Certified - Tilt Stand - Integrated Speakers - HMDI & VGA & USB-C,$149.99,4.5,46,In Stock,https://amazon.com/Lenovo-L27m-30-2022-Everyday-Certified-Integrated/dp/B0B94RB5JB/ref=sr_1_20?crid=285CHRYI51VOQ&keywords=Monitor&qid=1678567658&sprefix=monitor%2Caps%2C110&sr=8-20
Acer 27.0” 1920 x 1080 VA Zero-Frame Office Home Computer Monitor - AMD FreeSync - 75Hz Refresh - 1ms VRB - Low Blue Light Filter - Tilt and VESA Compatible - HDMI Port 1.4 & VGA Port KB272HL Hbi,$119.99,4.6,"1,",In Stock,https://amazon.com/Acer-Zero-Frame-Office-Computer-Monitor/dp/B08JND1WWC/ref=sr_1_21?crid=285CHRYI51VOQ&keywords=Monitor&qid=1678567658&sprefix=monitor%2Caps%2C110&sr=8-21
Cocar 10 Inch Monitor Cheap Monitor HD TFT 1280x800 IPS LED Screen: Small Monitor Support HDMI/VGA/AV/BNC/USB Input with Speaker for CCTV Raspberry Pi PC,$79.99,3.0,5 ,In Stock,https://amazon.com/gp/slredirect/picassoRedirect.html/ref=pa_sp_btf_aps_sr_pg1_1?ie=UTF8&adId=A00474461DEA48EU1T64Q&qualifier=1678567658&id=2850809562111316&widgetName=sp_btf&url=%2FCocar-Monitor-Cheap-1280x800-Screen%2Fdp%2FB0BMQ8HWH6%2Fref%3Dsr_1_22_sspa%3Fcrid%3D285CHRYI51VOQ%26keywords%3DMonitor%26qid%3D1678567658%26sprefix%3Dmonitor%252Caps%252C110%26sr%3D8-22-spons%26psc%3D1
